{"v":"5.5.6","fr":30,"ip":0,"op":29,"w":2000,"h":2000,"nm":"コンポ 1","ddd":0,"assets":[],"layers":[{"ddd":0,"ind":1,"ty":4,"nm":"レイヤー 2/loadingアウトライン","sr":1,"ks":{"o":{"a":0,"k":100,"ix":11},"r":{"a":0,"k":0,"ix":10},"p":{"a":1,"k":[{"i":{"x":0.667,"y":1},"o":{"x":0.167,"y":0.167},"t":0,"s":[1465.156,1700,0],"to":[-7.833,0,0],"ti":[-0.007,0,0]},{"i":{"x":0.667,"y":1},"o":{"x":0.333,"y":0},"t":13,"s":[1418.156,1700,0],"to":[0.007,0,0],"ti":[-7.841,0,0]},{"t":29,"s":[1465.2,1700,0]}],"ix":2},"a":{"a":0,"k":[211.5,37,0],"ix":1},"s":{"a":0,"k":[148.355,148.355,100],"ix":6}},"ao":0,"shapes":[{"ty":"gr","it":[{"ind":0,"ty":"sh","ix":1,"ks":{"a":0,"k":{"i":[[0,0],[0,0],[0,0],[0,0]],"o":[[0,0],[0,0],[0,0],[0,0]],"v":[[211,36.5],[-211,36.5],[-211,-36.5],[211,-36.5]],"c":true},"ix":2},"nm":"パス 1","mn":"ADBE Vector Shape - Group","hd":false},{"ty":"fl","c":{"a":0,"k":[0.4,0.4,0.4,1],"ix":4},"o":{"a":0,"k":100,"ix":5},"r":1,"bm":0,"nm":"塗り 1","mn":"ADBE Vector Graphic - Fill","hd":false},{"ty":"tr","p":{"a":0,"k":[211.25,36.75],"ix":2},"a":{"a":0,"k":[0,0],"ix":1},"s":{"a":0,"k":[100,100],"ix":3},"r":{"a":0,"k":0,"ix":6},"o":{"a":0,"k":100,"ix":7},"sk":{"a":0,"k":0,"ix":4},"sa":{"a":0,"k":0,"ix":5},"nm":"トランスフォーム"}],"nm":"グループ 1","np":2,"cix":2,"bm":0,"ix":1,"mn":"ADBE Vector Group","hd":false}],"ip":0,"op":900,"st":0,"bm":0},{"ddd":0,"ind":3,"ty":4,"nm":"レイヤー 1/loadingアウトライン","sr":1,"ks":{"o":{"a":0,"k":100,"ix":11},"r":{"a":1,"k":[{"i":{"x":[0.667],"y":[1]},"o":{"x":[0.167],"y":[0.167]},"t":0,"s":[0]},{"i":{"x":[0.833],"y":[1]},"o":{"x":[0.333],"y":[0]},"t":13,"s":[280]},{"t":29,"s":[220]}],"ix":10},"p":{"a":0,"k":[996,996,0],"ix":2},"a":{"a":0,"k":[395.5,395.5,0],"ix":1},"s":{"a":0,"k":[199.115,199.115,100],"ix":6}},"ao":0,"shapes":[{"ty":"gr","it":[{"ind":0,"ty":"sh","ix":1,"ks":{"a":0,"k":{"i":[[48.581,27.707],[-27.707,48.581],[-48.581,-27.707],[27.707,-48.581]],"o":[[-48.58,-27.707],[27.707,-48.58],[48.58,27.707],[-27.707,48.58]],"v":[[159.039,20.277],[121.244,-117.855],[259.376,-155.649],[297.17,-17.518]],"c":true},"ix":2},"nm":"パス 1","mn":"ADBE Vector Shape - Group","hd":false},{"ind":1,"ty":"sh","ix":2,"ks":{"a":0,"k":{"i":[[11.338,-54.765],[54.765,11.338],[-11.339,54.765],[-54.766,-11.339]],"o":[[-11.339,54.764],[-54.765,-11.339],[11.339,-54.765],[54.764,11.339]],"v":[[228.183,198.583],[108.491,277.213],[29.861,157.521],[149.553,78.891]],"c":true},"ix":2},"nm":"パス 2","mn":"ADBE Vector Shape - Group","hd":false},{"ind":2,"ty":"sh","ix":3,"ks":{"a":0,"k":{"i":[[0,25.129],[-25.129,0],[0,-25.129],[25.129,0]],"o":[[0,-25.129],[25.129,0],[0,25.129],[-25.129,0]],"v":[[-45.5,0],[0,-45.5],[45.5,0],[0,45.5]],"c":true},"ix":2},"nm":"パス 3","mn":"ADBE Vector Shape - Group","hd":false},{"ind":3,"ty":"sh","ix":4,"ks":{"a":0,"k":{"i":[[55.589,-6.14],[6.14,55.588],[-55.589,6.139],[-6.139,-55.588]],"o":[[-55.588,6.139],[-6.139,-55.588],[55.588,-6.139],[6.139,55.589]],"v":[[-118.352,278.38],[-230.12,188.844],[-140.584,77.076],[-28.816,166.611]],"c":true},"ix":2},"nm":"パス 4","mn":"ADBE Vector Shape - Group","hd":false},{"ind":4,"ty":"sh","ix":5,"ks":{"a":0,"k":{"i":[[23.017,50.97],[-50.971,23.017],[-23.017,-50.97],[50.97,-23.017]],"o":[[-23.016,-50.97],[50.971,-23.016],[23.016,50.971],[-50.971,23.016]],"v":[[-301.328,-26.535],[-250.713,-160.501],[-116.747,-109.886],[-167.362,24.08]],"c":true},"ix":2},"nm":"パス 5","mn":"ADBE Vector Shape - Group","hd":false},{"ind":5,"ty":"sh","ix":6,"ks":{"a":0,"k":{"i":[[-41.363,37.641],[-37.641,-41.364],[41.363,-37.641],[37.64,41.363]],"o":[[41.363,-37.64],[37.641,41.363],[-41.365,37.641],[-37.642,-41.363]],"v":[[-67.88,-294.78],[75.17,-288.039],[68.431,-144.99],[-74.619,-151.73]],"c":true},"ix":2},"nm":"パス 6","mn":"ADBE Vector Shape - Group","hd":false},{"ind":6,"ty":"sh","ix":7,"ks":{"a":0,"k":{"i":[[218.152,0],[0,-218.153],[-218.153,0],[0,218.152]],"o":[[-218.153,0],[0,218.152],[218.152,0],[0,-218.153]],"v":[[0,-395],[-395,0],[0,395],[395,0]],"c":true},"ix":2},"nm":"パス 7","mn":"ADBE Vector Shape - Group","hd":false},{"ty":"mm","mm":1,"nm":"パスを結合 1","mn":"ADBE Vector Filter - Merge","hd":false},{"ty":"fl","c":{"a":0,"k":[0.4,0.4,0.4,1],"ix":4},"o":{"a":0,"k":100,"ix":5},"r":1,"bm":0,"nm":"塗り 1","mn":"ADBE Vector Graphic - Fill","hd":false},{"ty":"tr","p":{"a":0,"k":[395.25,395.25],"ix":2},"a":{"a":0,"k":[0,0],"ix":1},"s":{"a":0,"k":[100,100],"ix":3},"r":{"a":0,"k":0,"ix":6},"o":{"a":0,"k":100,"ix":7},"sk":{"a":0,"k":0,"ix":4},"sa":{"a":0,"k":0,"ix":5},"nm":"トランスフォーム"}],"nm":"グループ 1","np":9,"cix":2,"bm":0,"ix":1,"mn":"ADBE Vector Group","hd":false}],"ip":0,"op":900,"st":0,"bm":0}],"markers":[]}